<?xml version="1.0" encoding="UTF-8"?>
<beans xmlns="http://www.springframework.org/schema/beans"
       xmlns:xsi="http://www.w3.org/2001/XMLSchema-instance"
       xmlns:context="http://www.springframework.org/schema/context" xmlns:tx="http://www.springframework.org/schema/tx"
       xmlns:mvc="http://www.springframework.org/schema/mvc"
       xsi:schemaLocation="http://www.springframework.org/schema/beans http://www.springframework.org/schema/beans/spring-beans.xsd
        http://www.springframework.org/schema/context http://www.springframework.org/schema/context/spring-context-4.1.xsd http://www.springframework.org/schema/tx http://www.springframework.org/schema/tx/spring-tx.xsd http://www.springframework.org/schema/mvc http://www.springframework.org/schema/mvc/spring-mvc.xsd">

    <!-- 开启注解包扫描-->
    <context:component-scan base-package="com.heibaiying.*"/>

    <!--使用默认的Servlet来响应静态文件 -->
    <mvc:default-servlet-handler/>

    <!-- 开启注解驱动-->
    <mvc:annotation-driven/>

    <!--引入druid.xml配置 由于druid 的可配置项比较多，所以可以单独拆分为一个配置文件-->
    <import resource="druid.xml"/>

    <!--配置 mybatis 会话工厂 -->
    <bean id="sqlSessionFactory" class="org.mybatis.spring.SqlSessionFactoryBean">
        <property name="dataSource" ref="dataSource"/>
        <!--指定mapper文件所在的位置-->
        <property name="mapperLocations" value="classpath*:/mappers/**/*.xml"/>
        <property name="configLocation" value="classpath:mybatisConfig.xml"/>
    </bean>

    <!--扫描注册接口 -->
    <!--作用:从接口的基础包开始递归搜索，并将它们注册为 MapperFactoryBean(只有至少一种方法的接口才会被注册;, 具体类将被忽略)-->
    <bean class="org.mybatis.spring.mapper.MapperScannerConfigurer">
        <!--指定会话工厂 -->
        <property name="sqlSessionFactoryBeanName" value="sqlSessionFactory"/>
        <!-- 指定mybatis接口所在的包 -->
        <property name="basePackage" value="com.heibaiying.dao"/>
    </bean>

    <!--定义事务管理器-->
    <bean id="transactionManager"
          class="org.springframework.jdbc.datasource.DataSourceTransactionManager">
        <property name="dataSource" ref="dataSource"/>
    </bean>

    <!-- 开启事务注解@Transactional支持 -->
    <tx:annotation-driven/>


</beans>