<?xml version="1.0"  encoding="utf-8"?>
<!DOCTYPE mapper PUBLIC "-//mybatis.org//DTD Mapper 3.0//EN"
        "http://mybatis.org/dtd/mybatis-3-mapper.dtd" >
<mapper namespace="com.heibaiying.springboot.dao.ProgrammerMapper">

    <insert id="save">
        insert into programmer (name, age, salary, birthday) VALUES (#{name}, #{age}, #{salary}, #{birthday})
    </insert>

    <select id="selectById" resultType="com.heibaiying.springboot.bean.Programmer">
      select * from programmer where name = #{id}
    </select>

    <update id="modify">
        update programmer set name=#{name},age=#{age},salary=#{salary},birthday=#{birthday} where id=#{id}
    </update>

    <delete id="delete">
        delete from programmer where id = #{id}
    </delete>

</mapper>